{"chunks": {"0": [0.8495480707524887, -0.371100061521493], "1": [0.8113805923526654, -0.3409557460814363], "2": [0.7233546790679557, -0.14167121828449525], "3": [0.6839000391917001, 0.13135934112235192], "4": [-1.0, -1.0], "5": [-0.8484581654252674, -0.9756405481677879], "6": [-0.8783432545388385, -0.8946244824032352], "7": [-0.8189442810820003, -0.47875012947386786], "8": [-0.7590447473234366, 0.7216780999389676], "9": [-0.7054322388845439, 0.7114065385482256], "10": [-0.6350841383310317, 0.5556422013291022], "11": [-0.5663172701447908, 1.0]}, "queries": {"ai": [1.0, -0.30143058533474054], "climate": [-0.7791108135362399, -0.9355083395421127], "space": [-0.5798071727707168, 0.9184999366889135]}}