{"chunks": {"0": [-0.8795322795697098, -0.7217413439690571], "1": [-0.7688811496800769, -0.9169410128888722], "2": [-0.6677124802831496, -0.9365845791160285], "3": [-0.6513752268326691, -0.8904041547846716], "4": [-0.32505462784515027, 0.8750231936302444], "5": [-0.25777828179834184, 0.8445445677589967], "6": [-0.25490587542655974, 0.7608933757835898], "7": [-0.23212530672885745, 1.0], "8": [0.2481743146397808, 0.6304895745031192], "9": [0.09961581264177721, 0.2930146162252787], "10": [0.2831807848717123, 0.6376128555671452], "11": [0.048241062178119964, 0.7146650789426305], "12": [1.0, -0.12275502802419536], "13": [0.8534363541557728, -0.21451006267478068], "14": [0.8957358460146962, -0.17813968873586805], "15": [0.7164735584925932, 0.18323633535522843], "16": [0.8684359750885597, -0.7776616549953819], "17": [0.7612137196958513, -0.6005742183692235], "18": [0.7514241826920709, -0.8138374632039684], "19": [0.4786295447934241, -0.13064930136653108]}, "queries": {"ai": [-1.0, -1.0], "finance": [-0.3800353064383286, 0.8412337699960437], "health": [-0.07929131243215715, 0.6488259629196571], "climate": [0.7681327801185247, -0.22956010722786724], "space": [0.6272176624224062, -0.668250911281113]}}