{"docs": {"0": [0.5180102194876539, -0.755899994916757], "1": [0.6005530564578399, -0.37401212295430275], "2": [0.3889126775332803, -0.6333525401703697], "3": [0.9306974122556269, -0.6373611699571293], "4": [0.27768607855483607, -0.7902353090781189], "5": [-0.7731782870888901, 0.3197893869839026], "6": [-1.0, 0.3326164509815295], "7": [-0.7860302295717809, 0.4265009807819855], "8": [-0.4219201355757567, 0.02142077696847533], "9": [-0.7120971551947837, 0.12225066463949563], "10": [0.8983509100745755, 0.8540698120848269], "11": [0.8911796111631418, 0.727976541544086], "12": [1.0, 0.7523010744258025], "13": [0.42469908468484197, 0.7229835430669342], "14": [0.8142101402083048, 0.3699375672624843], "15": [0.6023652891385489, 0.13725711236628535], "16": [0.6108048106967787, -0.13812868820158808], "17": [0.8207669746186637, 0.010895701273667235], "18": [0.3081948235250289, 0.2885247262088977], "19": [0.3965182396583036, -0.38860590613746027], "20": [-0.31086603285509573, -0.08161212065631596], "21": [-0.20060199882677954, -0.256739246224332], "22": [-0.3156010227755006, -0.041874564310588], "23": [-0.30144302951448365, -0.22208132010667747], "24": [-0.8418686806067942, 0.19818262243418894]}, "queries": {"ai": [0.5563807969201435, -1.0], "space": [-0.7757085091259746, 0.32858003443728534], "health": [0.9964591258707527, 1.0], "finance": [0.7909308480689694, -0.15428113382588993], "climate": [-0.1880868105053889, -0.3091709339184059]}}